{
  "p99": {
    "dur": 30.982674,
    "sbytes": 37896.0,
    "dbytes": 1094788.0,
    "Sload": 800000000.0,
    "Dload": 16325609.62499999,
    "Spkts": 446.0,
    "Dpkts": 858.0,
    "swin": 255.0,
    "dwin": 255.0,
    "trans_depth": 1.0,
    "res_bdy_len": 524288.0,
    "Sintpkt": 15490.533,
    "Dintpkt": 353.6147214999849,
    "tcprtt": 0.22682492999999831,
    "synack": 0.12258395499999891,
    "ackdat": 0.11125898499999963,
    "sloss": 47.0,
    "dloss": 390.0,
    "ct_state_ttl": 2.0,
    "ct_flw_http_mthd": 6.0,
    "ct_ftp_cmd": 1.0,
    "ct_srv_src": 51.0,
    "ct_srv_dst": 51.0,
    "ct_dst_ltm": 45.0,
    "ct_src_ltm": 45.0,
    "ct_src_dport_ltm": 45.0,
    "ct_dst_sport_ltm": 25.0,
    "ct_dst_src_ltm": 51.0
  },
  "mu_log": {
    "dur": 0.22534703200978462,
    "sbytes": 6.94553603140533,
    "dbytes": 6.627750415260963,
    "Sload": 13.522381655385733,
    "Dload": 10.801076683743451,
    "Spkts": 2.5864961052269906,
    "Dpkts": 2.4051055455717014,
    "swin": 3.307458851815424,
    "dwin": 3.299315777263721,
    "trans_depth": 0.05538749469065211,
    "res_bdy_len": 0.5953004931395671,
    "Sintpkt": 1.2752655392012218,
    "Dintpkt": 1.150097646596685,
    "tcprtt": 0.005371654781319229,
    "synack": 0.0029325506451637643,
    "ackdat": 0.0025588492876533323,
    "sloss": 1.1749448053838483,
    "dloss": 1.4673995554590396,
    "ct_state_ttl": 0.1297648391194027,
    "ct_flw_http_mthd": 0.11449257936815742,
    "ct_ftp_cmd": 0.022382579542457638,
    "ct_srv_src": 1.9007836515297005,
    "ct_srv_dst": 1.87178715217618,
    "ct_dst_ltm": 1.6285461368635452,
    "ct_src_ltm": 1.709114226843247,
    "ct_src_dport_ltm": 1.1501277125675817,
    "ct_dst_sport_ltm": 1.0442726526708386,
    "ct_dst_src_ltm": 1.411701391894577
  },
  "sd_log": {
    "dur": 0.4912692545378868,
    "sbytes": 1.6272119466444774,
    "dbytes": 3.7956149784941524,
    "Sload": 3.168868729093553,
    "Dload": 5.59521317171963,
    "Spkts": 1.3563550497600554,
    "Dpkts": 1.677713236949705,
    "swin": 2.720493192095895,
    "dwin": 2.722089120375933,
    "trans_depth": 0.18794662243727797,
    "res_bdy_len": 2.203905605611765,
    "Sintpkt": 1.738302114322066,
    "Dintpkt": 1.5325998094769417,
    "tcprtt": 0.026580053417033955,
    "synack": 0.014452604271452691,
    "ackdat": 0.01333730384616578,
    "sloss": 1.1028690290255145,
    "dloss": 1.4813813999331704,
    "ct_state_ttl": 0.34046354897039555,
    "ct_flw_http_mthd": 0.30518983748213535,
    "ct_ftp_cmd": 0.12252942260262213,
    "ct_srv_src": 0.8694202529650068,
    "ct_srv_dst": 0.8656240976839945,
    "ct_dst_ltm": 0.7499079441733072,
    "ct_src_ltm": 0.7464331961127675,
    "ct_src_dport_ltm": 0.8377372433081594,
    "ct_dst_sport_ltm": 0.7529918017800422,
    "ct_dst_src_ltm": 0.9326832420004645
  },
  "mu_ttl": {
    "sttl": 60.04473920890894,
    "dttl": 31.72188254983736
  },
  "sd_ttl": {
    "sttl": 71.5426085517755,
    "dttl": 44.42831612864365
  },
  "vocabs": {
    "proto": [
      "tcp",
      "udp",
      "unas",
      "arp",
      "ospf",
      "sctp",
      "icmp",
      "any",
      "gre",
      "rsvp",
      "sep",
      "ipv6",
      "pim",
      "sun-nd",
      "swipe",
      "mobile",
      "ax.25",
      "ipip",
      "etherip",
      "aes-sp3-d",
      "micp",
      "encap",
      "larp",
      "pri-enc",
      "gmtp",
      "mtp",
      "dgp",
      "sprite-rpc",
      "tcf",
      "eigrp",
      "nsfnet-igp",
      "vines",
      "ttp",
      "secure-vmtp",
      "vmtp",
      "wb-expak",
      "iso-ip",
      "wb-mon",
      "br-sat-mon",
      "ifmp",
      "qnx",
      "pnni",
      "aris",
      "ib",
      "fc",
      "sps",
      "pipe",
      "iplt",
      "sccopmce",
      "crudp",
      "crtp",
      "fire",
      "ptp",
      "isis",
      "smp",
      "sm",
      "uti",
      "srp",
      "stp",
      "iatp",
      "ddx",
      "zero",
      "l2tp",
      "vrrp",
      "pgm",
      "ipx-n-ip",
      "compaq-peer",
      "snp",
      "ipcomp",
      "a/n",
      "scps",
      "wsn",
      "pvp",
      "kryptolan",
      "cphb",
      "xnet",
      "iso-tp4",
      "rdp",
      "irtp",
      "leaf-1",
      "leaf-2",
      "xns-idp",
      "trunk-2",
      "trunk-1",
      "prm",
      "hmp",
      "dcn",
      "mux",
      "pup",
      "mfe-nsp",
      "nvp",
      "igp",
      "emcon",
      "egp",
      "chaos",
      "bbn-rcc",
      "argus",
      "cbt",
      "st2",
      "ipnip",
      "ip",
      "ggp",
      "ipcv",
      "netblt",
      "merit-inp",
      "i-nlsp",
      "cpnx",
      "sat-mon",
      "visa",
      "ippc",
      "sat-expak",
      "cftp",
      "ipv6-opts",
      "ipv6-no",
      "tlsp",
      "skip",
      "narp",
      "3pc",
      "rvd",
      "bna",
      "mhrp",
      "idrp",
      "ipv6-route",
      "ipv6-frag",
      "sdrp",
      "il",
      "tp++",
      "idpr-cmtp",
      "ddp",
      "xtp",
      "idpr",
      "igmp",
      "udt",
      "rtp",
      "esp"
    ],
    "state": [
      "FIN",
      "CON",
      "INT",
      "REQ",
      "RST",
      "ECO",
      "CLO",
      "URH",
      "ACC",
      "PAR",
      "TXD",
      "ECR",
      "URN",
      "no",
      "TST",
      "MAS"
    ],
    "service": [
      "nan",
      "dns",
      "http",
      "ftp-data",
      "smtp",
      "ftp",
      "ssh",
      "pop3",
      "dhcp",
      "ssl",
      "snmp",
      "radius",
      "irc"
    ]
  },
  "p99_q": 99.5
}